{"mean_squared_error": 0.9105082505149364, "r2_score": 0.2333008046400774}